USE MOLC;
GO


-- TABELE SLOWNIKOWE --------------------------------------------------------------------------------------


INSERT INTO LINIE_LOTNICZE (ID_Linii, Nazwa, KodMOLC, KodIATA) VALUES
	('000000000000001', 'Lot Airlines', 'ABCD', 'LOI'),
	('000000000000002', 'AirExpress', 'EFGH', 'AEB'),
	('000000000000003', 'Skyways', 'IJKL', 'SWY'),
	('000000000000004', 'JetStream', 'MNOP', 'JSC'),
	('000000000000005', 'Blue Wings', 'QRST', 'BWI'),
	('000000000000006', 'GlobalAir', 'UVWX', 'GAB'),
	('000000000000007', 'FlyHigh Airways', 'YZAB', 'FHA'),
	('000000000000008', 'Rainbow Airlines', 'GHIJ', 'RAG'),
	('000000000000009', 'SpeedJet', 'KLMN', 'SJJ'),
	('000000000000010', 'Swift Flights', 'CDEF', 'SFE');

INSERT INTO FIRMY_LOGISTYCZNE (ID_Firmy, Nazwa, Kraj) VALUES
	('000000000000001', 'Logistic Company', 'Poland'),
	('000000000000002', 'Global Logistics', 'Germany'),
	('000000000000003', 'Swift Transport', 'France'),
	('000000000000004', 'Express Shipping', 'Italy'),
	('000000000000005', 'Speedy Logistics', 'Spain'),
	('000000000000006', 'International Freight', 'United Kingdom'),
	('000000000000007', 'Cargo Solutions', 'Netherlands'),
	('000000000000008', 'Transcontinental Logistics', 'Belgium'),
	('000000000000009', 'Alpine Shipping', 'Switzerland'),
	('000000000000010', 'Euro Transport', 'Austria');

INSERT INTO PRODUCENCI (Nazwa, NumerTelefonu, Email, StronaInternetowa) VALUES
	('ABC Electronics', '+1234567890', 'abc@example.com', 'www.abc_electronics.com'),
	('XYZ Manufacturing', '+9876543210', 'xyz@example.com', 'www.xyz_manufacturing.com'),
	('Tech Innovators', '+1112223333', 'info@techinnovators.com', 'www.techinnovators.net'),
	('Gadget Creators', '+5554443333', 'contact@gadgets.com', 'www.gadgetcreators.com'),
	('Precision Devices', '+9998887777', 'info@precisiondevices.com', 'www.precisiondevices.net'),
	('Smart Solutions', '+7778889999', 'support@smartsolutions.com', 'www.smartsolutions.org'),
	('Innovate Tech', '+4445556666', 'info@innovatetech.com', 'www.innovatetech.co'),
	('Future Electronics', '+2223334444', 'info@future.electronics.com', 'www.future_electronics.org'),
	('Digital Devices', '+6667778888', 'contact@digitaldevices.com', 'www.digitaldevices.net'),
	('Advanced Tech', '+3332221111', 'info@advancedtech.com', 'www.advancedtech.org');


-- TABELE ZWYKLE --------------------------------------------------------------------------------------


INSERT INTO HANGARY (ID_Hangaru, Kraj, Miasto, Wlasciciel) VALUES
	('000000000000001', 'Poland', 'Warsaw', '000000000000001'),
	('000000000000002', 'Germany', 'Berlin', '000000000000001'),
	('000000000000003', 'France', 'Paris', '000000000000002'),
	('000000000000004', 'Italy', 'Florence', '000000000000002'),
	('000000000000005', 'Spain', 'Madrid', '000000000000003'),
	('000000000000006', 'United Kingdom', 'London', '000000000000003'),
	('000000000000007', 'Netherlands', 'Amsterdam', '000000000000004'),
	('000000000000008', 'Belgium', 'Brussels', '000000000000004'),
	('000000000000009', 'Switzerland', 'Zurich', '000000000000005'),
	('000000000000010', 'Austria', 'Vienna', '000000000000005'),
	('000000000000011', 'Denmark', 'Copenhagen', '000000000000006'),
	('000000000000012', 'Sweden', 'Stockholm', '000000000000006'),
	('000000000000013', 'Norway', 'Oslo', '000000000000007'),
	('000000000000014', 'Finland', 'Helsinki', '000000000000007'),
	('000000000000015', 'Ireland', 'Dublin', '000000000000008'),
	('000000000000016', 'Greece', 'Athens', '000000000000008'),
	('000000000000017', 'Portugal', 'Lisbon', '000000000000009'),
	('000000000000018', 'Czech Republic', 'Prague', '000000000000009'),
	('000000000000019', 'Hungary', 'Budapest', '000000000000010'),
	('000000000000020', 'Slovakia', 'Bratislava', '000000000000010');

INSERT INTO DZIALY (ID_Dzialu, Nazwa, NumerTelefonu, Email, Wlasciciel) VALUES
	('000000000000001', 'Sales Department', '+1112223333', 'sales@example.com',					'000000000000001'),
	('000000000000002', 'Marketing Department', '+2223334444', 'marketing@example.com',			'000000000000001'),
	('000000000000003', 'Human Resources', '+3334445555', 'hr@example.com',						'000000000000002'),
	('000000000000004', 'Research and Development', '+4445556666', 'rd@example.com',			'000000000000002'),
	('000000000000005', 'Customer Support', '+5556667777', 'support@example.com',				'000000000000003'),
	('000000000000006', 'Finance Department', '+6667778888', 'finance@example.com',				'000000000000003'),
	('000000000000007', 'Information Tech Department', '+7778889999', 'it@example.com',			'000000000000004'),
	('000000000000008', 'Operations Solutions', '+8889990000', 'operations@example.com',		'000000000000004'),
	('000000000000009', 'Quality Assurance', '+9990001111', 'qa@example.com',					'000000000000005'),
	('000000000000010', 'Legal Department', '+0001112222', 'legal@example.com',					'000000000000005'),
	('000000000000011', 'Sales Support', '+1112223333', 'sales.support@example.com',			'000000000000006'),
	('000000000000012', 'Product Management', '+2223334444', 'product.management@example.com',	'000000000000006'),
	('000000000000013', 'Employee Relations', '+3334445555', 'employee.relations@example.com',	'000000000000007'),
	('000000000000014', 'Innovation Team', '+4445556666', 'innovation.team@example.com',		'000000000000007'),
	('000000000000015', 'Technical Support', '+5556667777', 'tech.support@example.com',			'000000000000008'),
	('000000000000016', 'Financial Planning', '+6667778888', 'financial.planning@example.com',	'000000000000008'),
	('000000000000017', 'System Administration', '+7778889999', 'sysadmin@example.com',			'000000000000009'),
	('000000000000018', 'Supply Chain Management', '+8889990000', 'supply.chain@example.com',	'000000000000009'),
	('000000000000019', 'Quality Control', '+9990001111', 'qc@example.com',						'000000000000010'),
	('000000000000020', 'Legal Affairs', '+0001112222', 'legal.affairs@example.com',			'000000000000010');

INSERT INTO ZAMOWIENIA (ID_Zamowienia, Data, MiejsceDostawy, Dostawca, Zlecajacy) VALUES
	('000000000000001', '2023-01-01', '000000000000019', '000000000000001', '000000000000001'),
	('000000000000002', '2023-02-01', '000000000000002', '000000000000004', '000000000000002'),
	('000000000000003', '2023-03-01', '000000000000003', '000000000000008', '000000000000003'),
	('000000000000004', '2023-04-01', '000000000000004', '000000000000006', '000000000000004'),
	('000000000000005', '2023-05-01', '000000000000005', '000000000000005', '000000000000005'),
	('000000000000006', '2023-06-01', '000000000000006', '000000000000007', '000000000000006'),
	('000000000000007', '2023-07-01', '000000000000007', '000000000000010', '000000000000007'),
	('000000000000008', '2023-08-01', '000000000000008', '000000000000009', '000000000000008'),
	('000000000000009', '2023-09-01', '000000000000009', '000000000000003', '000000000000009'),
	('000000000000010', '2023-10-01', '000000000000010', '000000000000001', '000000000000010'),
	('000000000000011', '2023-11-01', '000000000000011', '000000000000004', '000000000000011'),
	('000000000000012', '2023-12-01', '000000000000012', '000000000000002', '000000000000012'),
	('000000000000013', '2024-01-01', '000000000000013', '000000000000007', '000000000000013'),
	('000000000000014', '2024-02-01', '000000000000014', '000000000000008', '000000000000014'),
	('000000000000015', '2024-03-01', '000000000000015', '000000000000001', '000000000000015'),
	('000000000000016', '2024-04-01', '000000000000016', '000000000000006', '000000000000016'),
	('000000000000017', '2024-05-01', '000000000000017', '000000000000007', '000000000000017'),
	('000000000000018', '2024-06-01', '000000000000018', '000000000000009', '000000000000018'),
	('000000000000019', '2024-07-01', '000000000000019', '000000000000010', '000000000000019'),
	('000000000000020', '2024-08-01', '000000000000020', '000000000000004', '000000000000020');

INSERT INTO SAMOLOTY (NRS, Cena, PojemnoscPasazerska, ZasiegLotu, Stan, Dostepnosc, Model, RozpietoscSkrzydel, Dlugosc, NumerZamowienia, PotencjalnyKlient, Producent) VALUES
    ('00000000000000000001', 1500000, 250, 3000, 'U¿ywany', 'Sprzeda¿', 'KAM573', 50, 70, '000000000000001', '000000000000001', 'ABC Electronics'),
    ('00000000000000000002', 1200000, 200, 4000, 'Nowy', 'Wynajem', 'AIR789', 40, 60, '000000000000002', '000000000000002', 'ABC Electronics'),
    ('00000000000000000003', 8000000, 150, 3500, 'U¿ywany', 'Sprzeda¿', 'BOE737', 45, 75, '000000000000003', '000000000000003', 'XYZ Manufacturing'),
    ('00000000000000000004', 2000000, 300, 5000, 'Nowy', 'Wynajem', 'AIR380', 55, 80, '000000000000004', '000000000000004', 'XYZ Manufacturing'),
    ('00000000000000000005', 1600000, 270, 4200, 'U¿ywany', 'Sprzeda¿', 'BOE747', 48, 72, '000000000000005', '000000000000005', 'Tech Innovators'),
    ('00000000000000000006', 1800000, 280, 3800, 'Nowy', 'Wynajem', 'KAM420', 52, 68, '000000000000006', '000000000000006', 'Tech Innovators'),
    ('00000000000000000007', 9000000, 160, 3200, 'U¿ywany', 'Sprzeda¿', 'AIR888', 42, 65, '000000000000007', '000000000000007', 'Gadget Creators'),
    ('00000000000000000008', 1300000, 220, 4500, 'Nowy', 'Wynajem', 'BOE888', 47, 78, '000000000000008', '000000000000008', 'Gadget Creators'),
    ('00000000000000000009', 1100000, 190, 3900, 'U¿ywany', 'Sprzeda¿', 'KAM999', 53, 73, '000000000000009', '000000000000009', 'Precision Devices'),
	('00000000000000000010', 1700000, 260, 4800, 'Nowy', 'Wynajem', 'AIR555', 44, 66, '000000000000010', '000000000000010', 'Precision Devices'),
	('00000000000000000011', 1500000, 230, 3400, 'U¿ywany', 'Sprzeda¿', 'BOE999', 51, 77, '000000000000011', '000000000000011', 'Smart Solutions'),
	('00000000000000000012', 1900000, 290, 5100, 'Nowy', 'Wynajem', 'KAM111', 46, 75, '000000000000012', '000000000000012', 'Smart Solutions'),
	('00000000000000000013', 1000000, 170, 3700, 'U¿ywany', 'Sprzeda¿', 'AIR111', 49, 71, '000000000000013', '000000000000013', 'Innovate Tech'),
	('00000000000000000014', 1400000, 240, 4400, 'Nowy', 'Wynajem', 'BOE111', 43, 69, '000000000000014', '000000000000014', 'Innovate Tech'),
	('00000000000000000015', 1200000, 210, 4000, 'U¿ywany', 'Sprzeda¿', 'KAM222', 54, 74, '000000000000015', '000000000000015', 'Future Electronics'),
	('00000000000000000016', 1600000, 270, 4700, 'Nowy', 'Wynajem', 'AIR222', 41, 67, '000000000000016', '000000000000016', 'Future Electronics'),
	('00000000000000000017', 1300000, 200, 3600, 'U¿ywany', 'Sprzeda¿', 'BOE222', 50, 79, '000000000000017', '000000000000017', 'Digital Devices'),
	('00000000000000000018', 1700000, 280, 4900, 'Nowy', 'Wynajem', 'KAM333', 45, 76, '000000000000018', '000000000000018', 'Digital Devices'),
	('00000000000000000019', 1100000, 190, 3300, 'U¿ywany', 'Sprzeda¿', 'AIR333', 53, 72, '000000000000019', '000000000000019', 'Advanced Tech'),
	('00000000000000000020', 1500000, 250, 4200, 'Nowy', 'Wynajem', 'BOE333', 48, 68, '000000000000020', '000000000000020', 'Advanced Tech');

INSERT INTO RAPORTY (ID_Raportu, Data, KodAwarii, Pojazd, Przetwarzajacy) VALUES
    ('000000000000001', '2023-01-01', '0000000001', '00000000000000000001', '000000000000001'),
    ('000000000000002', '2023-02-05', '0000000002', '00000000000000000002', '000000000000002'),
    ('000000000000003', '2023-03-12', '0000000003', '00000000000000000003', '000000000000003'),
    ('000000000000004', '2023-04-20', '0000000004', '00000000000000000004', '000000000000004'),
    ('000000000000005', '2023-05-15', '0000000005', '00000000000000000005', '000000000000005'),
    ('000000000000006', '2023-06-03', '0000000006', '00000000000000000006', '000000000000006'),
    ('000000000000007', '2023-07-08', '0000000007', '00000000000000000007', '000000000000007'),
    ('000000000000008', '2023-08-14', '0000000008', '00000000000000000008', '000000000000008'),
	('000000000000009', '2023-09-22', '0000000009', '00000000000000000009', '000000000000009'),
	('000000000000010', '2023-10-18', '0000000010', '00000000000000000010', '000000000000010'),
	('000000000000011', '2023-11-30', '0000000011', '00000000000000000011', '000000000000011'),
	('000000000000012', '2023-12-25', '0000000012', '00000000000000000012', '000000000000012'),
	('000000000000013', '2024-01-05', '0000000013', '00000000000000000013', '000000000000013'),
	('000000000000014', '2024-02-14', '0000000014', '00000000000000000014', '000000000000014'),
	('000000000000015', '2024-03-20', '0000000015', '00000000000000000015', '000000000000015'),
	('000000000000016', '2024-04-09', '0000000016', '00000000000000000016', '000000000000016'),
	('000000000000017', '2024-05-12', '0000000017', '00000000000000000017', '000000000000017'),
	('000000000000018', '2024-06-28', '0000000018', '00000000000000000018', '000000000000018'),
	('000000000000019', '2024-07-19', '0000000019', '00000000000000000019', '000000000000019'),
	('000000000000020', '2024-08-08', '0000000020', '00000000000000000020', '000000000000020');

INSERT INTO PRACOWNIK_SAMOLOTU (ID_Pracownika, Imie, Nazwisko, Stanowisko, Naczelnik) VALUES
    ('000000000000001', 'Anna', 'Kowalska', 'Stewardardessa', '000000000000001'),
    ('000000000000002', 'Jan', 'Nowak', 'Pilot', '000000000000002'),
    ('000000000000003', 'Ewa', 'Lis', 'Mechanik', '000000000000003'),
    ('000000000000004', 'Piotr', 'Wojcik', 'Steward', '000000000000001'),
    ('000000000000005', 'Magda', 'Zajac', 'Pilot', '000000000000002'),
    ('000000000000006', 'Krzysztof', 'Mazur', 'Mechanik', '000000000000003'),
    ('000000000000007', 'Alicja', 'Kaminska', 'Stewardessa', '000000000000001'),
    ('000000000000008', 'Mateusz', 'Kowalczyk', 'Pilot', '000000000000002'),
    ('000000000000009', 'Karolina', 'Szymanska', 'Mechanik', '000000000000003'),
    ('000000000000010', 'Marek', 'Dabrowski', 'Steward', '000000000000001'),
    ('000000000000011', 'Natalia', 'Wrobel', 'Pilot', '000000000000002'),
    ('000000000000012', 'Michal', 'Jankowski', 'Mechanik', '000000000000003'),
    ('000000000000013', 'Kinga', 'Pawlak', 'Stewardessa', '000000000000001'),
    ('000000000000014', 'Tomasz', 'Wroblewski', 'Pilot', '000000000000002'),
    ('000000000000015', 'Dominika', 'Majewska', 'Mechanik', '000000000000003'),
    ('000000000000016', 'Grzegorz', 'Adamczyk', 'Steward', '000000000000001'),
    ('000000000000017', 'Aleksandra', 'Grabowska', 'Pilot', '000000000000002'),
	('000000000000018', 'Patryk', 'Sawicki', 'Mechanik', '000000000000003'),
	('000000000000019', 'Monika', 'Lewandowska', 'Stewardessa', '000000000000001'),
	('000000000000020', 'Rafal', 'Witkowski', 'Pilot', '000000000000002');

INSERT INTO LOGI (ID_Pracownika, NRS, Data) VALUES
    ('000000000000001', '00000000000000000001', '2023-01-01'),
    ('000000000000002', '00000000000000000002', '2023-02-05'),
    ('000000000000003', '00000000000000000003', '2023-03-12'),
    ('000000000000004', '00000000000000000004', '2023-04-20'),
    ('000000000000005', '00000000000000000005', '2023-05-15'),
    ('000000000000006', '00000000000000000006', '2023-06-03'),
    ('000000000000007', '00000000000000000007', '2023-07-08'),
    ('000000000000008', '00000000000000000008', '2023-08-14'),
    ('000000000000009', '00000000000000000009', '2023-09-22'),
    ('000000000000010', '00000000000000000010', '2023-10-18'),
    ('000000000000011', '00000000000000000011', '2023-11-30'),
    ('000000000000012', '00000000000000000012', '2023-12-25'),
    ('000000000000013', '00000000000000000013', '2024-01-05'),
	('000000000000014', '00000000000000000014', '2024-02-14'),
	('000000000000015', '00000000000000000015', '2024-03-20'),
	('000000000000016', '00000000000000000016', '2024-04-09'),
	('000000000000017', '00000000000000000017', '2024-05-12'),
	('000000000000018', '00000000000000000018', '2024-06-28'),
	('000000000000019', '00000000000000000019', '2024-07-19'),
	('000000000000020', '00000000000000000020', '2024-08-08');
